Felipe Ribeiro <felipernb@gmail.com>
Andre P. Oliveira <aoliveira01.student@manhattan.edu>
BrunoRB <brunorb8@hotmail.com>
Gaurav Mittal <gaurav.mittal@students.iiit.ac.in>
Iain McDonald <iain@lifebeyondfife.com>
Joshua Curl <curljosh@msu.edu>
Liam Griffiths <liamgriffiths@gmail.com>
Matt R. Wilson <matt.wilson@warbyparker.com>
anaran <adrian.aichner@gmail.com>
dingshu <ds303077135@gmail.com>
eush77 <eush77@gmail.com>
geakstr <geakstr@me.com>
nitinsaroha <nitinsaroha6@hotmail.com>
tayllan <tayllanburigo@gmail.com>
